1,1420070400000,2015-01-01,January 1 2015,1,1,2015
2,1420092000000,2015-01-01,January 1 2015,1,1,2015
3,1420113600000,2015-01-01,January 1 2015,1,1,2015
4,1420135200000,2015-01-01,January 1 2015,1,1,2015
5,1420156800000,2015-01-01,January 1 2015,1,1,2015
6,1420178400000,2015-01-01,January 1 2015,1,1,2015
7,1420200000000,2015-01-01,January 1 2015,1,1,2015
8,1420221600000,2015-01-01,January 1 2015,1,1,2015
9,1420243200000,2015-01-01,January 1 2015,1,1,2015
10,1420264800000,2015-01-01,January 1 2015,1,1,2015
11,1420286400000,2015-01-01,January 1 2015,1,1,2015
12,1420308000000,2015-01-01,January 1 2015,1,1,2015
13,1420329600000,2015-01-01,January 1 2015,1,1,2015
14,1420351200000,2015-01-01,January 1 2015,1,1,2015
15,1420372800000,2015-01-01,January 1 2015,1,1,2015
16,1420394400000,2015-01-01,January 1 2015,1,1,2015
17,1420416000000,2015-01-01,January 1 2015,1,1,2015
19,1420437600000,2015-01-01,January 1 2015,1,1,2015
20,1420459200000,2015-01-01,January 1 2015,1,1,2015
21,1420480800000,2015-01-01,January 1 2015,1,1,2015
