1,5715,5,2015-01-01 00:00:00,El Paso,TX,62.81
2,8236,7,2015-01-01 00:00:00,Pittsburgh,PA,157.33
3,2500,10,2015-01-01 00:00:01,Austin,TX,14.86
4,6032,4,2015-01-01 00:00:02,Savannah,GA,203.46
5,6859,7,2015-01-01 00:00:03,Indianapolis,IN,231.98
6,9694,7,2015-01-01 00:00:04,Gainesville,GA,2.13
7,9411,4,2015-01-01 00:00:05,Harrisburg,PA,270.31
8,5490,5,2015-01-01 00:00:06,Boise,ID,176.84
9,1565,3,2015-01-01 00:00:06,Bronx,NY,12.5
10,8180,7,2015-01-01 00:00:07,El Paso,TX,257.15
11,5673,4,2015-01-01 00:00:08,Henderson,NV,34.78
12,967,2,2015-01-01 00:00:09,San Francisco,CA,285.43
13,4141,3,2015-01-01 00:00:10,Savannah,GA,186.18
14,1195,5,2015-01-01 00:00:11,Pittsburgh,PA,195.82
15,7776,5,2015-01-01 00:00:12,Harrisburg,PA,131.01
16,7126,4,2015-01-01 00:00:12,Harrisburg,PA,24.45
17,5829,4,2015-01-01 00:00:13,Hartford,CT,203.24
18,5254,10,2015-01-01 00:00:14,Tacoma,WA,181.06
19,4894,5,2015-01-01 00:00:15,Bronx,NY,127.58
20,5387,5,2015-01-01 00:00:16,Pittsburgh,PA,133.97
21,4152,1,2015-01-01 00:00:17,Gainesville,GA,161.05
22,928,2,2015-01-01 00:00:18,Springfield,MA,298.49
23,4587,5,2015-01-01 00:00:19,Tacoma,WA,135.73
24,8980,7,2015-01-01 00:00:19,Springfield,MA,195.91
25,1537,3,2015-01-01 00:00:20,Henderson,NV,207.64
26,5886,9,2015-01-01 00:00:21,Tacoma,WA,243.96
27,4354,9,2015-01-01 00:00:22,Topeka,KS,267.05
28,9131,8,2015-01-01 00:00:23,Austin,TX,295.29
29,6701,2,2015-01-01 00:00:24,Henderson,NV,276.19
30,3499,1,2015-01-01 00:00:25,Pittsburgh,PA,63.1
31,9997,9,2015-01-01 00:00:25,Springfield,MA,224.7
32,5225,5,2015-01-01 00:00:26,Peoria,IL,167.27
33,3644,7,2015-01-01 00:00:27,Henderson,NV,63.61
34,8750,9,2015-01-01 00:00:28,Peoria,IL,22.42
35,891,1,2015-01-01 00:00:29,Largo,FL,138.76
36,6289,3,2015-01-01 00:00:30,Topeka,KS,152.51
37,2637,5,2015-01-01 00:00:31,Harrisburg,PA,218.48
38,4468,5,2015-01-01 00:00:31,Tacoma,WA,207.72
39,8011,5,2015-01-01 00:00:32,San Francisco,CA,290.99
40,7207,1,2015-01-01 00:00:33,Hartford,CT,251.02
41,3277,4,2015-01-01 00:00:34,New Orleans,LA,184.28
42,1864,2,2015-01-01 00:00:35,Boise,ID,238.94
43,2199,8,2015-01-01 00:00:36,Austin,TX,58.57
44,4394,10,2015-01-01 00:00:37,Hartford,CT,5.2
45,8480,6,2015-01-01 00:00:38,Tacoma,WA,243.76
46,9548,4,2015-01-01 00:00:38,Gainesville,GA,208.05
47,5652,9,2015-01-01 00:00:39,Bronx,NY,181.17
48,1578,7,2015-01-01 00:00:40,Hartford,CT,300.03
49,9210,6,2015-01-01 00:00:41,Harrisburg,PA,120.58
50,3477,2,2015-01-01 00:00:42,Hartford,CT,212.61
51,7226,10,2015-01-01 00:00:43,Pittsburgh,PA,248.82
52,3434,6,2015-01-01 00:00:44,Springfield,MA,59.43
53,1526,10,2015-01-01 00:00:44,Pittsburgh,PA,191.57
54,9747,8,2015-01-01 00:00:45,Harrisburg,PA,113.05
55,519,4,2015-01-01 00:00:46,Austin,TX,15.18
56,6362,4,2015-01-01 00:00:47,Pittsburgh,PA,285.04
57,5981,5,2015-01-01 00:00:48,Harrisburg,PA,59.16
58,4057,8,2015-01-01 00:00:49,Springfield,MA,234.88
59,1732,9,2015-01-01 00:00:50,Henderson,NV,127.51
60,8900,4,2015-01-01 00:00:50,Boise,ID,288.12
61,1069,8,2015-01-01 00:00:51,Savannah,GA,87.65
62,8915,4,2015-01-01 00:00:52,Baltimore,MD,186.61
63,5326,1,2015-01-01 00:00:53,Pittsburgh,PA,204.69
64,969,7,2015-01-01 00:00:54,Tacoma,WA,174.4
65,2179,4,2015-01-01 00:00:55,Austin,TX,57.86
66,5313,1,2015-01-01 00:00:56,San Francisco,CA,6.84
67,3385,10,2015-01-01 00:00:57,Topeka,KS,108.63
68,9868,2,2015-01-01 00:00:57,Pittsburgh,PA,87.82
69,2470,3,2015-01-01 00:00:58,Henderson,NV,176.42
70,5512,1,2015-01-01 00:00:59,Gainesville,GA,9.06
71,7708,10,2015-01-01 00:01:00,Indianapolis,IN,116.01
72,4340,7,2015-01-01 00:01:01,Henderson,NV,271.55
73,528,4,2015-01-01 00:01:02,Springfield,MA,101.03
74,6275,5,2015-01-01 00:01:03,Topeka,KS,110.07
75,2654,2,2015-01-01 00:01:03,Springfield,MA,47.08
76,5249,2,2015-01-01 00:01:04,Boise,ID,37.71
77,8067,9,2015-01-01 00:01:05,El Paso,TX,191.75
78,4277,6,2015-01-01 00:01:06,Topeka,KS,191.61
79,6464,6,2015-01-01 00:01:07,Largo,FL,92.69
80,4190,9,2015-01-01 00:01:08,Bronx,NY,201.12
81,2996,9,2015-01-01 00:01:09,Pittsburgh,PA,188.03
82,6093,5,2015-01-01 00:01:09,Baltimore,MD,248.77
83,3387,7,2015-01-01 00:01:10,Indianapolis,IN,147.39
84,4697,3,2015-01-01 00:01:11,Largo,FL,156.65
85,5628,10,2015-01-01 00:01:12,El Paso,TX,45.64
86,3166,10,2015-01-01 00:01:13,Indianapolis,IN,138.67
87,9695,6,2015-01-01 00:01:14,Bronx,NY,233.79
88,9137,8,2015-01-01 00:01:15,Indianapolis,IN,298.93
89,4353,7,2015-01-01 00:01:16,San Francisco,CA,276.72
90,906,1,2015-01-01 00:01:16,Harrisburg,PA,137.31
91,7495,8,2015-01-01 00:01:17,Bronx,NY,210.19
92,9514,3,2015-01-01 00:01:18,Indianapolis,IN,115.86
93,5983,7,2015-01-01 00:01:19,San Francisco,CA,116.96
94,9874,6,2015-01-01 00:01:20,New Orleans,LA,257.59
95,1302,7,2015-01-01 00:01:21,Springfield,MA,257.21
96,118,2,2015-01-01 00:01:22,Pittsburgh,PA,116.21
97,3340,6,2015-01-01 00:01:22,Indianapolis,IN,146.36
98,50,7,2015-01-01 00:01:23,Tacoma,WA,233.88
99,481,8,2015-01-01 00:01:24,Springfield,MA,263.12
100,8388,5,2015-01-01 00:01:25,Boise,ID,139.88
101,735,4,2015-01-01 00:01:26,Boise,ID,3.83
102,5508,6,2015-01-01 00:01:27,Baltimore,MD,26.94
103,7531,9,2015-01-01 00:01:28,San Francisco,CA,119.02
104,9976,7,2015-01-01 00:01:28,Topeka,KS,209.3
105,6570,5,2015-01-01 00:01:29,Largo,FL,150.47
106,3020,8,2015-01-01 00:01:30,Baltimore,MD,180.02
107,5445,7,2015-01-01 00:01:31,San Francisco,CA,92.23
108,3738,2,2015-01-01 00:01:32,New Orleans,LA,9.56
109,8333,1,2015-01-01 00:01:33,Pittsburgh,PA,298.31
110,7679,1,2015-01-01 00:01:34,Springfield,MA,13.25
111,173,7,2015-01-01 00:01:35,Springfield,MA,106.42
112,6803,3,2015-01-01 00:01:35,Indianapolis,IN,13.65
113,6645,3,2015-01-01 00:01:36,Tacoma,WA,291.47
114,7662,4,2015-01-01 00:01:37,El Paso,TX,234.7
115,5974,3,2015-01-01 00:01:38,Boise,ID,145.72
116,3598,8,2015-01-01 00:01:39,Springfield,MA,21.58
117,5492,4,2015-01-01 00:01:40,Pittsburgh,PA,296.59
118,7245,1,2015-01-01 00:01:41,Topeka,KS,49.48
119,3938,4,2015-01-01 00:01:41,San Francisco,CA,61.95
120,8500,5,2015-01-01 00:01:42,Hartford,CT,165.92
121,4886,10,2015-01-01 00:01:43,New Orleans,LA,198.99
122,6955,3,2015-01-01 00:01:44,Peoria,IL,51.4
123,7034,2,2015-01-01 00:01:45,Springfield,MA,69.41
124,2313,8,2015-01-01 00:01:46,San Francisco,CA,145.71
125,7549,9,2015-01-01 00:01:47,San Francisco,CA,198.74
126,7294,6,2015-01-01 00:01:48,San Francisco,CA,57.72
127,6384,6,2015-01-01 00:01:48,Henderson,NV,276.79
128,6907,10,2015-01-01 00:01:49,Hartford,CT,99.86
129,8862,6,2015-01-01 00:01:50,Baltimore,MD,53.8
130,2427,4,2015-01-01 00:01:51,Tacoma,WA,127.52
131,927,1,2015-01-01 00:01:52,Topeka,KS,82.28
132,7003,8,2015-01-01 00:01:53,El Paso,TX,246.35
133,8901,7,2015-01-01 00:01:54,Hartford,CT,245.7
134,9242,8,2015-01-01 00:01:54,Springfield,MA,36.4
135,6138,1,2015-01-01 00:01:55,Henderson,NV,123.48
136,663,1,2015-01-01 00:01:56,Peoria,IL,81.15
137,8668,1,2015-01-01 00:01:57,Topeka,KS,247.9
138,6593,1,2015-01-01 00:01:58,Springfield,MA,263.41
139,5354,8,2015-01-01 00:01:59,El Paso,TX,109.59
140,4645,4,2015-01-01 00:02:00,Boise,ID,80.0
141,2928,4,2015-01-01 00:02:00,Austin,TX,31.25
142,3767,5,2015-01-01 00:02:01,Bronx,NY,83.15
143,5555,2,2015-01-01 00:02:02,Gainesville,GA,228.76
144,3612,9,2015-01-01 00:02:03,Pittsburgh,PA,271.68
145,6703,1,2015-01-01 00:02:04,New Orleans,LA,51.54
146,5503,1,2015-01-01 00:02:05,Savannah,GA,276.76
147,3079,10,2015-01-01 00:02:06,Boise,ID,196.8
148,8477,7,2015-01-01 00:02:07,New Orleans,LA,74.78
149,6807,6,2015-01-01 00:02:07,Savannah,GA,202.05
150,5023,7,2015-01-01 00:02:08,Harrisburg,PA,180.06
151,3346,5,2015-01-01 00:02:09,San Francisco,CA,161.93
152,3733,9,2015-01-01 00:02:10,Henderson,NV,142.18
153,8265,8,2015-01-01 00:02:11,Bronx,NY,97.27
154,3402,1,2015-01-01 00:02:12,Hartford,CT,131.18
155,6817,2,2015-01-01 00:02:13,Hartford,CT,2.55
156,6406,4,2015-01-01 00:02:13,Pittsburgh,PA,270.59
157,6953,2,2015-01-01 00:02:14,Gainesville,GA,273.19
158,550,8,2015-01-01 00:02:15,El Paso,TX,6.56
159,5089,10,2015-01-01 00:02:16,Henderson,NV,46.63
160,8005,10,2015-01-01 00:02:17,Savannah,GA,174.05
161,9550,2,2015-01-01 00:02:18,Peoria,IL,257.48
162,9779,5,2015-01-01 00:02:19,El Paso,TX,256.02
163,8632,9,2015-01-01 00:02:19,Pittsburgh,PA,210.28
164,1920,6,2015-01-01 00:02:20,Topeka,KS,115.34
165,2243,6,2015-01-01 00:02:21,Henderson,NV,261.83
166,81,2,2015-01-01 00:02:22,Indianapolis,IN,82.74
167,4893,8,2015-01-01 00:02:23,San Francisco,CA,111.0
168,2133,7,2015-01-01 00:02:24,El Paso,TX,62.75
169,290,2,2015-01-01 00:02:25,Tacoma,WA,182.92
170,3841,9,2015-01-01 00:02:26,Springfield,MA,91.95
171,4958,8,2015-01-01 00:02:26,Savannah,GA,266.48
172,469,1,2015-01-01 00:02:27,Harrisburg,PA,129.11
173,8490,6,2015-01-01 00:02:28,Austin,TX,196.8
174,1705,1,2015-01-01 00:02:29,Largo,FL,126.05
175,9275,3,2015-01-01 00:02:30,San Francisco,CA,14.85
176,3333,6,2015-01-01 00:02:31,Henderson,NV,184.3
177,2540,4,2015-01-01 00:02:32,El Paso,TX,1.23
178,700,9,2015-01-01 00:02:32,Topeka,KS,250.67
179,353,4,2015-01-01 00:02:33,Hartford,CT,140.32
180,1581,10,2015-01-01 00:02:34,Boise,ID,109.32
181,6373,10,2015-01-01 00:02:35,New Orleans,LA,290.28
182,7460,8,2015-01-01 00:02:36,Boise,ID,173.88
183,303,3,2015-01-01 00:02:37,El Paso,TX,183.54
184,8832,4,2015-01-01 00:02:38,Peoria,IL,164.82
185,3909,10,2015-01-01 00:02:38,Hartford,CT,217.92
186,6630,3,2015-01-01 00:02:39,Austin,TX,106.35
187,6271,6,2015-01-01 00:02:40,Austin,TX,125.93
188,4507,3,2015-01-01 00:02:41,El Paso,TX,203.3
189,5870,5,2015-01-01 00:02:42,Gainesville,GA,20.38
190,7007,2,2015-01-01 00:02:43,Austin,TX,109.11
191,1867,10,2015-01-01 00:02:44,Hartford,CT,199.06
192,6422,1,2015-01-01 00:02:45,Largo,FL,21.67
193,8192,3,2015-01-01 00:02:45,Austin,TX,163.85
194,1968,8,2015-01-01 00:02:46,Henderson,NV,24.76
195,7642,4,2015-01-01 00:02:47,Savannah,GA,23.6
196,2991,3,2015-01-01 00:02:48,Springfield,MA,39.66
197,3241,3,2015-01-01 00:02:49,Springfield,MA,131.43
198,2540,8,2015-01-01 00:02:50,Baltimore,MD,170.72
199,8104,3,2015-01-01 00:02:51,Hartford,CT,171.64
200,5531,9,2015-01-01 00:02:51,Tacoma,WA,213.26
201,1599,6,2015-01-01 00:02:52,San Francisco,CA,44.73
202,2740,2,2015-01-01 00:02:53,San Francisco,CA,18.42
203,6558,8,2015-01-01 00:02:54,New Orleans,LA,30.13
204,3062,9,2015-01-01 00:02:55,Baltimore,MD,127.28
205,6147,5,2015-01-01 00:02:56,Gainesville,GA,183.93
206,6661,8,2015-01-01 00:02:57,Boise,ID,184.94
207,2718,4,2015-01-01 00:02:57,Largo,FL,180.34
208,8488,7,2015-01-01 00:02:58,El Paso,TX,229.21
209,2508,5,2015-01-01 00:02:59,Bronx,NY,132.99
210,3240,9,2015-01-01 00:03:00,San Francisco,CA,96.39
211,227,7,2015-01-01 00:03:01,Tacoma,WA,51.9
212,4487,3,2015-01-01 00:03:02,Tacoma,WA,52.24
213,6457,7,2015-01-01 00:03:03,Boise,ID,221.77
214,5376,7,2015-01-01 00:03:04,Henderson,NV,233.71
215,7854,6,2015-01-01 00:03:04,Springfield,MA,43.67
216,6419,8,2015-01-01 00:03:05,Peoria,IL,149.06
217,6495,7,2015-01-01 00:03:06,Indianapolis,IN,71.46
218,1172,10,2015-01-01 00:03:07,Boise,ID,210.87
219,608,5,2015-01-01 00:03:08,Springfield,MA,294.96
220,5837,8,2015-01-01 00:03:09,Hartford,CT,33.11
221,6404,10,2015-01-01 00:03:10,Topeka,KS,274.16
222,2750,2,2015-01-01 00:03:10,El Paso,TX,287.2
223,4461,5,2015-01-01 00:03:11,El Paso,TX,90.45
224,6,1,2015-01-01 00:03:12,Tacoma,WA,32.61
225,4109,5,2015-01-01 00:03:13,Savannah,GA,259.34
226,8648,1,2015-01-01 00:03:14,Peoria,IL,56.92
227,442,9,2015-01-01 00:03:15,New Orleans,LA,120.06
228,7073,8,2015-01-01 00:03:16,San Francisco,CA,204.82
229,3977,7,2015-01-01 00:03:16,Baltimore,MD,88.23
230,3033,1,2015-01-01 00:03:17,San Francisco,CA,53.01
231,2622,5,2015-01-01 00:03:18,Baltimore,MD,106.87
232,9306,10,2015-01-01 00:03:19,Henderson,NV,198.55
233,7886,7,2015-01-01 00:03:20,Boise,ID,124.85
234,4213,8,2015-01-01 00:03:21,Hartford,CT,232.73
235,3331,6,2015-01-01 00:03:22,San Francisco,CA,131.57
236,497,5,2015-01-01 00:03:23,Tacoma,WA,48.39
237,767,10,2015-01-01 00:03:23,Indianapolis,IN,216.27
238,9808,9,2015-01-01 00:03:24,El Paso,TX,73.1
239,4266,4,2015-01-01 00:03:25,Largo,FL,278.62
240,1174,5,2015-01-01 00:03:26,Harrisburg,PA,238.57
241,172,6,2015-01-01 00:03:27,Tacoma,WA,79.44
242,2607,2,2015-01-01 00:03:28,Savannah,GA,299.06
243,5716,9,2015-01-01 00:03:29,Hartford,CT,139.71
244,4748,6,2015-01-01 00:03:29,Indianapolis,IN,247.8
245,2674,7,2015-01-01 00:03:30,Pittsburgh,PA,238.13
246,1970,5,2015-01-01 00:03:31,Harrisburg,PA,132.12
247,7048,2,2015-01-01 00:03:32,Boise,ID,162.83
248,6609,8,2015-01-01 00:03:33,Largo,FL,110.6
249,3066,4,2015-01-01 00:03:34,New Orleans,LA,26.65
250,2953,3,2015-01-01 00:03:35,San Francisco,CA,247.07
251,916,4,2015-01-01 00:03:36,Springfield,MA,122.64
252,3727,3,2015-01-01 00:03:36,Austin,TX,299.81
253,8448,10,2015-01-01 00:03:37,New Orleans,LA,170.05
254,2061,6,2015-01-01 00:03:38,Tacoma,WA,254.01
255,4213,1,2015-01-01 00:03:39,Savannah,GA,114.73
256,7553,7,2015-01-01 00:03:40,Springfield,MA,157.75
257,6956,2,2015-01-01 00:03:41,Hartford,CT,245.72
258,6480,6,2015-01-01 00:03:42,Pittsburgh,PA,23.09
259,405,3,2015-01-01 00:03:42,Austin,TX,174.0
260,8379,1,2015-01-01 00:03:43,Bronx,NY,172.27
261,8644,5,2015-01-01 00:03:44,Henderson,NV,269.33
262,7769,8,2015-01-01 00:03:45,El Paso,TX,96.99
263,4505,5,2015-01-01 00:03:46,Henderson,NV,71.46
264,2784,6,2015-01-01 00:03:47,Indianapolis,IN,10.7
265,2440,1,2015-01-01 00:03:48,Indianapolis,IN,239.93
266,9591,5,2015-01-01 00:03:48,Springfield,MA,180.93
267,7443,9,2015-01-01 00:03:49,Boise,ID,164.67
268,2458,4,2015-01-01 00:03:50,Boise,ID,228.55
269,1198,8,2015-01-01 00:03:51,Austin,TX,144.9
270,6024,4,2015-01-01 00:03:52,Springfield,MA,290.87
271,4331,6,2015-01-01 00:03:53,Harrisburg,PA,255.83
272,3386,4,2015-01-01 00:03:54,Austin,TX,164.07
273,1392,9,2015-01-01 00:03:55,Baltimore,MD,40.84
274,777,4,2015-01-01 00:03:55,Springfield,MA,268.45
275,3800,6,2015-01-01 00:03:56,Boise,ID,147.24
276,1567,1,2015-01-01 00:03:57,Hartford,CT,71.67
277,4000,4,2015-01-01 00:03:58,San Francisco,CA,76.45
278,4465,8,2015-01-01 00:03:59,Baltimore,MD,118.05
279,700,7,2015-01-01 00:04:00,Topeka,KS,8.97
280,5474,2,2015-01-01 00:04:01,Gainesville,GA,115.17
281,9160,2,2015-01-01 00:04:01,Topeka,KS,133.93
282,4829,7,2015-01-01 00:04:02,Austin,TX,111.53
283,4581,8,2015-01-01 00:04:03,Largo,FL,28.77
284,6097,5,2015-01-01 00:04:04,Springfield,MA,258.31
285,2716,9,2015-01-01 00:04:05,Savannah,GA,249.06
286,3218,4,2015-01-01 00:04:06,Hartford,CT,133.99
287,7638,7,2015-01-01 00:04:07,Harrisburg,PA,162.56
288,4552,2,2015-01-01 00:04:07,Harrisburg,PA,153.29
289,5619,3,2015-01-01 00:04:08,San Francisco,CA,58.71
290,7464,10,2015-01-01 00:04:09,New Orleans,LA,156.21
291,460,6,2015-01-01 00:04:10,San Francisco,CA,193.58
292,9149,8,2015-01-01 00:04:11,Peoria,IL,265.62
293,9364,1,2015-01-01 00:04:12,New Orleans,LA,81.98
294,8917,9,2015-01-01 00:04:13,San Francisco,CA,28.0
295,3964,1,2015-01-01 00:04:14,Austin,TX,26.33
296,2761,6,2015-01-01 00:04:14,San Francisco,CA,21.42
297,1235,7,2015-01-01 00:04:15,El Paso,TX,40.69
298,1705,2,2015-01-01 00:04:16,New Orleans,LA,40.61
299,7237,2,2015-01-01 00:04:17,Hartford,CT,93.58
300,3806,10,2015-01-01 00:04:18,Baltimore,MD,110.32
301,9131,9,2015-01-01 00:04:19,San Francisco,CA,275.99
302,2428,10,2015-01-01 00:04:20,El Paso,TX,157.36
303,8040,7,2015-01-01 00:04:20,Gainesville,GA,273.5
304,2403,7,2015-01-01 00:04:21,Springfield,MA,105.38
305,9537,2,2015-01-01 00:04:22,Tacoma,WA,138.06
306,5424,6,2015-01-01 00:04:23,Topeka,KS,176.25
307,1047,8,2015-01-01 00:04:24,Hartford,CT,88.38
308,7774,5,2015-01-01 00:04:25,New Orleans,LA,273.43
309,9568,3,2015-01-01 00:04:26,Pittsburgh,PA,73.12
310,5972,8,2015-01-01 00:04:26,Austin,TX,134.82
311,6793,5,2015-01-01 00:04:27,Savannah,GA,121.81
312,2923,3,2015-01-01 00:04:28,Pittsburgh,PA,106.16
313,2664,1,2015-01-01 00:04:29,San Francisco,CA,96.33
314,2763,2,2015-01-01 00:04:30,Harrisburg,PA,140.96
315,3236,5,2015-01-01 00:04:31,Bronx,NY,140.62
316,6668,4,2015-01-01 00:04:32,Bronx,NY,197.76
317,2893,1,2015-01-01 00:04:33,Austin,TX,179.52
318,3753,8,2015-01-01 00:04:33,Bronx,NY,293.36
319,9415,1,2015-01-01 00:04:34,Bronx,NY,136.5
320,1606,8,2015-01-01 00:04:35,Indianapolis,IN,43.9
321,4381,9,2015-01-01 00:04:36,Harrisburg,PA,269.09
322,9187,10,2015-01-01 00:04:37,Peoria,IL,60.96
323,2693,6,2015-01-01 00:04:38,Springfield,MA,287.63
324,8074,5,2015-01-01 00:04:39,Savannah,GA,101.58
325,7637,8,2015-01-01 00:04:39,Hartford,CT,173.55
326,4268,3,2015-01-01 00:04:40,New Orleans,LA,24.65
327,1725,1,2015-01-01 00:04:41,Tacoma,WA,220.51
328,9032,9,2015-01-01 00:04:42,Topeka,KS,216.83
329,3583,8,2015-01-01 00:04:43,Gainesville,GA,299.17
330,4058,4,2015-01-01 00:04:44,Savannah,GA,28.94
331,9394,10,2015-01-01 00:04:45,Henderson,NV,51.63
332,9026,4,2015-01-01 00:04:45,Boise,ID,208.78
333,4217,6,2015-01-01 00:04:46,Topeka,KS,157.88
334,2612,2,2015-01-01 00:04:47,Topeka,KS,269.96
335,1389,4,2015-01-01 00:04:48,Largo,FL,165.28
336,6978,5,2015-01-01 00:04:49,New Orleans,LA,191.93
337,3439,8,2015-01-01 00:04:50,El Paso,TX,148.27
338,3846,9,2015-01-01 00:04:51,Peoria,IL,201.66
339,4016,8,2015-01-01 00:04:52,Topeka,KS,262.78
340,5844,8,2015-01-01 00:04:52,Boise,ID,285.38
341,1689,1,2015-01-01 00:04:53,Peoria,IL,62.74
342,3281,4,2015-01-01 00:04:54,Harrisburg,PA,232.0
343,9155,1,2015-01-01 00:04:55,Indianapolis,IN,175.83
344,8225,7,2015-01-01 00:04:56,Hartford,CT,179.51
345,198,9,2015-01-01 00:04:57,Pittsburgh,PA,101.58
346,2919,10,2015-01-01 00:04:58,Austin,TX,32.82
347,3620,4,2015-01-01 00:04:58,Harrisburg,PA,265.26
348,9012,8,2015-01-01 00:04:59,Largo,FL,5.65
349,5901,2,2015-01-01 00:05:00,Boise,ID,287.45
350,7692,1,2015-01-01 00:05:01,Savannah,GA,130.36
351,6152,10,2015-01-01 00:05:02,Tacoma,WA,278.55
352,7845,3,2015-01-01 00:05:03,Bronx,NY,167.07
353,7878,3,2015-01-01 00:05:04,Austin,TX,46.56
354,9402,6,2015-01-01 00:05:04,Springfield,MA,244.47
355,5496,9,2015-01-01 00:05:05,Indianapolis,IN,67.02
356,6360,9,2015-01-01 00:05:06,Henderson,NV,157.72
357,6,1,2015-01-01 00:05:07,Largo,FL,74.12
358,9985,7,2015-01-01 00:05:08,Topeka,KS,231.02
359,1087,1,2015-01-01 00:05:09,Baltimore,MD,253.76
360,5235,10,2015-01-01 00:05:10,Peoria,IL,16.5
361,3914,3,2015-01-01 00:05:11,Austin,TX,139.77
362,918,3,2015-01-01 00:05:11,Gainesville,GA,211.78
363,3657,9,2015-01-01 00:05:12,Tacoma,WA,184.19
364,780,9,2015-01-01 00:05:13,Baltimore,MD,44.15
365,4081,8,2015-01-01 00:05:14,Tacoma,WA,284.65
366,4662,1,2015-01-01 00:05:15,New Orleans,LA,161.93
367,1837,3,2015-01-01 00:05:16,Henderson,NV,140.76
368,1977,4,2015-01-01 00:05:17,Topeka,KS,259.53
369,6886,2,2015-01-01 00:05:17,Tacoma,WA,8.22
370,8085,5,2015-01-01 00:05:18,Pittsburgh,PA,127.4
371,8283,2,2015-01-01 00:05:19,Springfield,MA,275.5
372,5090,5,2015-01-01 00:05:20,Pittsburgh,PA,31.72
373,2018,10,2015-01-01 00:05:21,Baltimore,MD,162.27
374,8072,10,2015-01-01 00:05:22,Baltimore,MD,158.62
375,3527,2,2015-01-01 00:05:23,Pittsburgh,PA,16.6
376,1392,9,2015-01-01 00:05:24,Tacoma,WA,68.39
377,4162,7,2015-01-01 00:05:24,Topeka,KS,42.49
378,6757,10,2015-01-01 00:05:25,San Francisco,CA,2.6
379,1198,6,2015-01-01 00:05:26,Austin,TX,68.38
380,2919,5,2015-01-01 00:05:27,Indianapolis,IN,94.23
381,795,1,2015-01-01 00:05:28,Savannah,GA,215.01
382,8322,5,2015-01-01 00:05:29,New Orleans,LA,61.72
383,102,2,2015-01-01 00:05:30,Baltimore,MD,152.54
384,2746,1,2015-01-01 00:05:30,Boise,ID,3.73
385,4982,4,2015-01-01 00:05:31,Savannah,GA,299.07
386,2082,4,2015-01-01 00:05:32,Peoria,IL,214.97
387,5718,4,2015-01-01 00:05:33,Topeka,KS,115.44
388,7862,9,2015-01-01 00:05:34,Henderson,NV,38.64
389,8006,9,2015-01-01 00:05:35,Springfield,MA,157.37
390,5,5,2015-01-01 00:05:36,Bronx,NY,77.7
391,2139,7,2015-01-01 00:05:36,Gainesville,GA,159.3
392,9558,4,2015-01-01 00:05:37,Springfield,MA,38.87
393,3896,7,2015-01-01 00:05:38,New Orleans,LA,120.01
394,8428,3,2015-01-01 00:05:39,Austin,TX,52.1
395,6366,1,2015-01-01 00:05:40,Tacoma,WA,261.98
396,2001,9,2015-01-01 00:05:41,Austin,TX,137.44
397,1773,3,2015-01-01 00:05:42,Henderson,NV,122.95
398,3893,2,2015-01-01 00:05:43,Savannah,GA,292.11
399,2425,7,2015-01-01 00:05:43,San Francisco,CA,71.16
400,4416,4,2015-01-01 00:05:44,Bronx,NY,93.58
401,4500,2,2015-01-01 00:05:45,Harrisburg,PA,172.44
402,4884,7,2015-01-01 00:05:46,Baltimore,MD,221.29
403,6066,7,2015-01-01 00:05:47,Indianapolis,IN,221.89
404,8785,8,2015-01-01 00:05:48,Topeka,KS,180.16
405,6595,1,2015-01-01 00:05:49,Indianapolis,IN,23.3
406,1970,9,2015-01-01 00:05:49,El Paso,TX,72.4
407,8369,9,2015-01-01 00:05:50,New Orleans,LA,134.33
408,9088,10,2015-01-01 00:05:51,New Orleans,LA,138.72
409,3420,2,2015-01-01 00:05:52,Pittsburgh,PA,136.99
410,5672,8,2015-01-01 00:05:53,San Francisco,CA,295.94
411,1516,4,2015-01-01 00:05:54,Indianapolis,IN,186.93
412,4287,10,2015-01-01 00:05:55,Savannah,GA,202.39
413,5300,9,2015-01-01 00:05:55,New Orleans,LA,21.78
414,9081,8,2015-01-01 00:05:56,Topeka,KS,279.61
415,8597,2,2015-01-01 00:05:57,Boise,ID,58.18
416,8654,9,2015-01-01 00:05:58,Boise,ID,282.71
417,3255,9,2015-01-01 00:05:59,El Paso,TX,67.34
418,5050,4,2015-01-01 00:06:00,New Orleans,LA,191.27
419,9952,3,2015-01-01 00:06:01,Harrisburg,PA,151.84
420,7788,8,2015-01-01 00:06:02,El Paso,TX,108.23
421,3006,6,2015-01-01 00:06:02,Gainesville,GA,230.81
422,2631,5,2015-01-01 00:06:03,Austin,TX,53.4
423,3629,6,2015-01-01 00:06:04,Austin,TX,69.5
424,9238,7,2015-01-01 00:06:05,Bronx,NY,46.23
425,6441,7,2015-01-01 00:06:06,El Paso,TX,229.02
426,7173,10,2015-01-01 00:06:07,Henderson,NV,128.01
427,2211,4,2015-01-01 00:06:08,Pittsburgh,PA,265.94
428,1947,9,2015-01-01 00:06:08,Gainesville,GA,230.83
429,4115,8,2015-01-01 00:06:09,Harrisburg,PA,139.37
430,8769,7,2015-01-01 00:06:10,San Francisco,CA,300.39
431,5970,7,2015-01-01 00:06:11,New Orleans,LA,57.11
432,5160,5,2015-01-01 00:06:12,Peoria,IL,70.76
433,4015,1,2015-01-01 00:06:13,El Paso,TX,93.08
434,7020,10,2015-01-01 00:06:14,Indianapolis,IN,144.06
435,4692,1,2015-01-01 00:06:14,Tacoma,WA,59.28
436,1933,9,2015-01-01 00:06:15,Tacoma,WA,144.5
437,8971,3,2015-01-01 00:06:16,Pittsburgh,PA,56.84
438,5693,2,2015-01-01 00:06:17,Gainesville,GA,23.68
439,8392,3,2015-01-01 00:06:18,Savannah,GA,223.54
440,7851,4,2015-01-01 00:06:19,San Francisco,CA,61.51
441,9139,6,2015-01-01 00:06:20,Bronx,NY,149.93
442,2379,10,2015-01-01 00:06:21,Peoria,IL,41.24
443,2706,2,2015-01-01 00:06:21,Boise,ID,33.4
444,3500,5,2015-01-01 00:06:22,Boise,ID,223.47
445,128,5,2015-01-01 00:06:23,El Paso,TX,51.94
446,444,3,2015-01-01 00:06:24,Largo,FL,153.02
447,1154,3,2015-01-01 00:06:25,Pittsburgh,PA,172.9
448,2215,6,2015-01-01 00:06:26,New Orleans,LA,206.44
449,2667,3,2015-01-01 00:06:27,Baltimore,MD,165.21
450,7296,4,2015-01-01 00:06:27,Boise,ID,45.54
451,1775,9,2015-01-01 00:06:28,Harrisburg,PA,124.2
452,9975,4,2015-01-01 00:06:29,Peoria,IL,260.48
453,4436,1,2015-01-01 00:06:30,Springfield,MA,230.14
454,2052,10,2015-01-01 00:06:31,New Orleans,LA,71.55
455,8024,10,2015-01-01 00:06:32,Henderson,NV,265.76
456,6614,7,2015-01-01 00:06:33,Henderson,NV,78.36
457,1301,5,2015-01-01 00:06:33,Austin,TX,100.69
458,1071,7,2015-01-01 00:06:34,Savannah,GA,128.7
459,5324,3,2015-01-01 00:06:35,Pittsburgh,PA,105.13
460,5891,2,2015-01-01 00:06:36,Hartford,CT,23.04
461,9441,6,2015-01-01 00:06:37,Baltimore,MD,278.36
462,3235,4,2015-01-01 00:06:38,Topeka,KS,7.26
463,4273,9,2015-01-01 00:06:39,Tacoma,WA,59.6
464,6856,1,2015-01-01 00:06:40,Austin,TX,234.91
465,1067,6,2015-01-01 00:06:40,Bronx,NY,170.34
466,6358,7,2015-01-01 00:06:41,Gainesville,GA,192.92
467,9399,5,2015-01-01 00:06:42,Hartford,CT,111.67
468,6681,9,2015-01-01 00:06:43,Hartford,CT,297.12
469,7932,9,2015-01-01 00:06:44,New Orleans,LA,143.03
470,4654,5,2015-01-01 00:06:45,Tacoma,WA,177.28
471,443,2,2015-01-01 00:06:46,Austin,TX,162.9
472,6770,3,2015-01-01 00:06:46,Gainesville,GA,293.96
473,4200,6,2015-01-01 00:06:47,Peoria,IL,212.55
474,8475,1,2015-01-01 00:06:48,Pittsburgh,PA,147.15
475,4434,4,2015-01-01 00:06:49,Savannah,GA,158.85
476,2980,5,2015-01-01 00:06:50,Savannah,GA,56.77
477,9079,3,2015-01-01 00:06:51,Savannah,GA,31.55
478,7220,3,2015-01-01 00:06:52,El Paso,TX,15.32
479,461,10,2015-01-01 00:06:52,Hartford,CT,225.67
480,2677,2,2015-01-01 00:06:53,Peoria,IL,108.76
481,6095,3,2015-01-01 00:06:54,Savannah,GA,43.93
482,7234,2,2015-01-01 00:06:55,Harrisburg,PA,153.92
483,396,9,2015-01-01 00:06:56,New Orleans,LA,249.69
484,5459,2,2015-01-01 00:06:57,Boise,ID,185.3
485,6611,3,2015-01-01 00:06:58,Springfield,MA,132.09
486,2657,3,2015-01-01 00:06:59,New Orleans,LA,229.55
487,9957,9,2015-01-01 00:06:59,Bronx,NY,81.19
488,6316,2,2015-01-01 00:07:00,Bronx,NY,70.38
489,6272,5,2015-01-01 00:07:01,Peoria,IL,64.37
490,4627,8,2015-01-01 00:07:02,Tacoma,WA,146.56
491,7334,3,2015-01-01 00:07:03,Pittsburgh,PA,130.65
492,2579,3,2015-01-01 00:07:04,Austin,TX,240.59
493,1680,8,2015-01-01 00:07:05,Pittsburgh,PA,105.84
494,1237,9,2015-01-01 00:07:05,San Francisco,CA,190.9
495,4341,9,2015-01-01 00:07:06,Peoria,IL,257.53
496,3448,10,2015-01-01 00:07:07,Pittsburgh,PA,60.14
497,6417,6,2015-01-01 00:07:08,Hartford,CT,293.12
498,6932,6,2015-01-01 00:07:09,Savannah,GA,141.57
499,5044,6,2015-01-01 00:07:10,Largo,FL,179.31
500,985,3,2015-01-01 00:07:11,Bronx,NY,18.58
501,6169,1,2015-01-01 00:07:12,Indianapolis,IN,224.35
502,6561,9,2015-01-01 00:07:12,Harrisburg,PA,55.99
503,3378,1,2015-01-01 00:07:13,Indianapolis,IN,262.26
504,2896,6,2015-01-01 00:07:14,Largo,FL,97.63
505,786,3,2015-01-01 00:07:15,Henderson,NV,11.34
506,4759,5,2015-01-01 00:07:16,Springfield,MA,183.67
507,6999,9,2015-01-01 00:07:17,Pittsburgh,PA,294.72
508,8468,2,2015-01-01 00:07:18,Largo,FL,57.42
509,8217,7,2015-01-01 00:07:18,Springfield,MA,55.66
510,837,4,2015-01-01 00:07:19,Boise,ID,300.13
511,5681,5,2015-01-01 00:07:20,Hartford,CT,234.62
512,518,2,2015-01-01 00:07:21,San Francisco,CA,29.33
513,3595,4,2015-01-01 00:07:22,Springfield,MA,191.02
514,411,6,2015-01-01 00:07:23,San Francisco,CA,172.33
515,4126,5,2015-01-01 00:07:24,Gainesville,GA,36.35
516,1426,6,2015-01-01 00:07:24,Bronx,NY,277.76
517,6258,10,2015-01-01 00:07:25,Tacoma,WA,144.82
518,567,4,2015-01-01 00:07:26,Largo,FL,99.13
519,8217,5,2015-01-01 00:07:27,Savannah,GA,174.79
520,7466,6,2015-01-01 00:07:28,Hartford,CT,293.68
521,3994,1,2015-01-01 00:07:29,New Orleans,LA,227.77
522,8169,5,2015-01-01 00:07:30,Peoria,IL,204.2
523,7230,1,2015-01-01 00:07:31,Baltimore,MD,193.99
524,1287,9,2015-01-01 00:07:31,Boise,ID,184.75
525,4623,9,2015-01-01 00:07:32,Pittsburgh,PA,162.48
526,2683,2,2015-01-01 00:07:33,San Francisco,CA,226.59
527,3862,2,2015-01-01 00:07:34,Henderson,NV,20.71
528,4300,6,2015-01-01 00:07:35,Indianapolis,IN,124.09
529,3250,2,2015-01-01 00:07:36,Peoria,IL,73.89
530,1655,1,2015-01-01 00:07:37,Springfield,MA,235.71
531,5387,1,2015-01-01 00:07:37,Pittsburgh,PA,113.09
532,5112,7,2015-01-01 00:07:38,El Paso,TX,282.11
533,493,6,2015-01-01 00:07:39,Harrisburg,PA,41.59
534,3281,8,2015-01-01 00:07:40,Tacoma,WA,178.52
535,5948,1,2015-01-01 00:07:41,New Orleans,LA,149.38
536,3090,2,2015-01-01 00:07:42,San Francisco,CA,169.18
537,9518,1,2015-01-01 00:07:43,Topeka,KS,102.33
538,2837,9,2015-01-01 00:07:43,Tacoma,WA,57.66
539,577,2,2015-01-01 00:07:44,Hartford,CT,235.92
540,8858,2,2015-01-01 00:07:45,Austin,TX,40.19
541,1512,9,2015-01-01 00:07:46,Harrisburg,PA,27.74
542,8936,5,2015-01-01 00:07:47,Hartford,CT,51.11
543,2729,8,2015-01-01 00:07:48,Henderson,NV,174.55
544,7481,2,2015-01-01 00:07:49,Hartford,CT,291.31
545,9971,4,2015-01-01 00:07:50,Topeka,KS,37.38
546,5096,9,2015-01-01 00:07:50,San Francisco,CA,235.69
547,359,8,2015-01-01 00:07:51,Largo,FL,292.9
548,4487,7,2015-01-01 00:07:52,Hartford,CT,84.62
549,4606,6,2015-01-01 00:07:53,Austin,TX,79.34
550,3647,7,2015-01-01 00:07:54,Topeka,KS,28.14
551,1862,3,2015-01-01 00:07:55,Peoria,IL,256.99
552,3173,8,2015-01-01 00:07:56,Gainesville,GA,93.74
553,7259,10,2015-01-01 00:07:56,Austin,TX,236.85
554,2421,7,2015-01-01 00:07:57,Austin,TX,223.97
555,2216,5,2015-01-01 00:07:58,Springfield,MA,121.72
556,3200,3,2015-01-01 00:07:59,Baltimore,MD,49.25
557,1038,5,2015-01-01 00:08:00,New Orleans,LA,76.23
558,6530,10,2015-01-01 00:08:01,Springfield,MA,58.76
559,5405,4,2015-01-01 00:08:02,Hartford,CT,60.46
560,6760,7,2015-01-01 00:08:02,Harrisburg,PA,126.77
561,8440,8,2015-01-01 00:08:03,Peoria,IL,1.29
562,6384,7,2015-01-01 00:08:04,New Orleans,LA,91.17
563,7133,7,2015-01-01 00:08:05,Topeka,KS,267.73
564,4104,10,2015-01-01 00:08:06,Austin,TX,138.96
565,9476,4,2015-01-01 00:08:07,San Francisco,CA,207.27
566,6807,1,2015-01-01 00:08:08,Topeka,KS,143.17
567,1407,8,2015-01-01 00:08:09,Baltimore,MD,28.36
568,5057,4,2015-01-01 00:08:09,El Paso,TX,110.92
569,6027,7,2015-01-01 00:08:10,Austin,TX,176.37
570,6719,4,2015-01-01 00:08:11,Harrisburg,PA,145.64
571,7230,6,2015-01-01 00:08:12,Springfield,MA,86.48
572,2528,3,2015-01-01 00:08:13,Austin,TX,232.12
573,6493,3,2015-01-01 00:08:14,Tacoma,WA,3.57
574,3414,3,2015-01-01 00:08:15,Hartford,CT,236.66
575,7207,4,2015-01-01 00:08:15,Savannah,GA,49.55
576,5858,4,2015-01-01 00:08:16,El Paso,TX,264.46
577,6015,3,2015-01-01 00:08:17,Austin,TX,260.98
578,8625,8,2015-01-01 00:08:18,Bronx,NY,96.7
579,3181,1,2015-01-01 00:08:19,Pittsburgh,PA,214.72
580,7155,5,2015-01-01 00:08:20,Boise,ID,86.03
581,4366,6,2015-01-01 00:08:21,New Orleans,LA,68.87
582,7714,6,2015-01-01 00:08:21,Springfield,MA,226.31
583,5994,6,2015-01-01 00:08:22,El Paso,TX,140.47
584,2613,3,2015-01-01 00:08:23,El Paso,TX,75.85
585,5694,5,2015-01-01 00:08:24,Largo,FL,5.29
586,8379,6,2015-01-01 00:08:25,Baltimore,MD,244.47
587,9467,10,2015-01-01 00:08:26,Boise,ID,94.14
588,3381,7,2015-01-01 00:08:27,Bronx,NY,54.05
589,7341,9,2015-01-01 00:08:28,Harrisburg,PA,182.31
590,491,8,2015-01-01 00:08:28,Hartford,CT,189.89
591,4782,10,2015-01-01 00:08:29,Topeka,KS,268.78
592,9620,1,2015-01-01 00:08:30,Hartford,CT,93.34
593,8269,1,2015-01-01 00:08:31,Springfield,MA,117.59
594,5303,9,2015-01-01 00:08:32,Henderson,NV,290.55
595,5524,3,2015-01-01 00:08:33,Henderson,NV,57.25
596,93,2,2015-01-01 00:08:34,Hartford,CT,228.91
597,7407,7,2015-01-01 00:08:34,Bronx,NY,276.47
598,3681,4,2015-01-01 00:08:35,Largo,FL,164.63
599,9268,8,2015-01-01 00:08:36,Indianapolis,IN,29.1
600,5581,6,2015-01-01 00:08:37,Savannah,GA,41.8
601,5598,2,2015-01-01 00:08:38,Indianapolis,IN,156.35
602,8642,2,2015-01-01 00:08:39,Indianapolis,IN,159.96
603,1178,6,2015-01-01 00:08:40,El Paso,TX,123.54
604,9640,3,2015-01-01 00:08:40,New Orleans,LA,182.8
605,372,1,2015-01-01 00:08:41,Hartford,CT,246.21
606,4500,8,2015-01-01 00:08:42,Peoria,IL,127.56
607,3302,8,2015-01-01 00:08:43,Baltimore,MD,134.59
608,280,6,2015-01-01 00:08:44,Savannah,GA,174.65
609,9464,10,2015-01-01 00:08:45,Tacoma,WA,129.95
610,9162,5,2015-01-01 00:08:46,Pittsburgh,PA,67.78
611,861,8,2015-01-01 00:08:47,New Orleans,LA,64.06
612,3779,8,2015-01-01 00:08:47,Gainesville,GA,268.38
613,6599,8,2015-01-01 00:08:48,Hartford,CT,7.08
614,5073,5,2015-01-01 00:08:49,Bronx,NY,73.2
615,9358,3,2015-01-01 00:08:50,Pittsburgh,PA,32.42
616,3297,8,2015-01-01 00:08:51,Tacoma,WA,220.34
617,2605,10,2015-01-01 00:08:52,Indianapolis,IN,281.86
618,3226,7,2015-01-01 00:08:53,Indianapolis,IN,145.85
619,4830,5,2015-01-01 00:08:53,Henderson,NV,131.03
620,6008,4,2015-01-01 00:08:54,Harrisburg,PA,91.75
621,3469,5,2015-01-01 00:08:55,New Orleans,LA,217.07
622,1971,4,2015-01-01 00:08:56,El Paso,TX,50.78
623,8930,7,2015-01-01 00:08:57,Hartford,CT,288.44
624,4580,2,2015-01-01 00:08:58,Savannah,GA,36.0
625,3488,4,2015-01-01 00:08:59,Austin,TX,31.44
626,7580,7,2015-01-01 00:09:00,Topeka,KS,47.83
627,5952,5,2015-01-01 00:09:00,Indianapolis,IN,83.74
628,1722,10,2015-01-01 00:09:01,Springfield,MA,69.78
629,4900,3,2015-01-01 00:09:02,San Francisco,CA,210.78
630,7383,7,2015-01-01 00:09:03,Pittsburgh,PA,67.98
631,9722,4,2015-01-01 00:09:04,Baltimore,MD,15.06
632,9230,5,2015-01-01 00:09:05,Tacoma,WA,139.73
633,4627,6,2015-01-01 00:09:06,El Paso,TX,266.97
634,8614,3,2015-01-01 00:09:06,Topeka,KS,267.66
635,1927,5,2015-01-01 00:09:07,Indianapolis,IN,49.22
636,1211,10,2015-01-01 00:09:08,El Paso,TX,33.37
637,8845,3,2015-01-01 00:09:09,Indianapolis,IN,265.11
638,6708,5,2015-01-01 00:09:10,Largo,FL,289.85
639,2776,4,2015-01-01 00:09:11,Tacoma,WA,236.93
640,9511,4,2015-01-01 00:09:12,Austin,TX,192.47
641,5004,7,2015-01-01 00:09:12,Henderson,NV,98.28
642,525,7,2015-01-01 00:09:13,Savannah,GA,237.66
643,6042,10,2015-01-01 00:09:14,Gainesville,GA,278.33
644,9470,1,2015-01-01 00:09:15,Harrisburg,PA,126.7
645,6121,3,2015-01-01 00:09:16,Bronx,NY,57.01
646,2166,3,2015-01-01 00:09:17,Hartford,CT,85.39
647,8292,8,2015-01-01 00:09:18,Austin,TX,5.88
648,6837,8,2015-01-01 00:09:19,Hartford,CT,28.65
649,9110,4,2015-01-01 00:09:19,Harrisburg,PA,277.39
650,6222,8,2015-01-01 00:09:20,Largo,FL,141.74
651,8157,3,2015-01-01 00:09:21,Largo,FL,200.8
652,4801,8,2015-01-01 00:09:22,Springfield,MA,201.24
653,2559,7,2015-01-01 00:09:23,Boise,ID,185.29
654,2573,5,2015-01-01 00:09:24,Boise,ID,160.53
655,4436,6,2015-01-01 00:09:25,Peoria,IL,86.7
656,2635,5,2015-01-01 00:09:25,Henderson,NV,297.82
657,2717,1,2015-01-01 00:09:26,Topeka,KS,139.61
658,2663,7,2015-01-01 00:09:27,New Orleans,LA,256.49
659,9694,1,2015-01-01 00:09:28,Henderson,NV,159.91
660,2335,3,2015-01-01 00:09:29,Tacoma,WA,288.69
661,3616,7,2015-01-01 00:09:30,Topeka,KS,211.12
662,3608,10,2015-01-01 00:09:31,Baltimore,MD,46.29
663,1965,7,2015-01-01 00:09:31,Peoria,IL,201.25
664,2899,10,2015-01-01 00:09:32,Bronx,NY,121.9
665,3080,3,2015-01-01 00:09:33,Peoria,IL,31.99
666,3504,6,2015-01-01 00:09:34,New Orleans,LA,164.25
667,9352,5,2015-01-01 00:09:35,New Orleans,LA,3.62
668,1748,1,2015-01-01 00:09:36,Springfield,MA,131.48
669,268,3,2015-01-01 00:09:37,Largo,FL,228.39
670,7284,9,2015-01-01 00:09:38,Pittsburgh,PA,31.85
671,6343,9,2015-01-01 00:09:38,San Francisco,CA,165.59
672,9986,6,2015-01-01 00:09:39,Pittsburgh,PA,253.37
673,6835,2,2015-01-01 00:09:40,Baltimore,MD,91.63
674,235,9,2015-01-01 00:09:41,Gainesville,GA,81.0
675,7309,5,2015-01-01 00:09:42,El Paso,TX,300.42
676,3374,6,2015-01-01 00:09:43,Harrisburg,PA,207.22
677,3760,5,2015-01-01 00:09:44,New Orleans,LA,206.91
678,1408,7,2015-01-01 00:09:44,Harrisburg,PA,282.95
679,7636,6,2015-01-01 00:09:45,Largo,FL,174.42
680,621,2,2015-01-01 00:09:46,Harrisburg,PA,163.36
681,109,7,2015-01-01 00:09:47,Tacoma,WA,180.02
682,6441,6,2015-01-01 00:09:48,Boise,ID,234.86
683,8056,4,2015-01-01 00:09:49,Topeka,KS,179.21
684,1467,3,2015-01-01 00:09:50,New Orleans,LA,128.84
685,4226,9,2015-01-01 00:09:50,Gainesville,GA,204.88
686,7310,2,2015-01-01 00:09:51,Austin,TX,1.31
687,8803,3,2015-01-01 00:09:52,Austin,TX,4.27
688,4031,10,2015-01-01 00:09:53,Gainesville,GA,166.31
689,4207,5,2015-01-01 00:09:54,Savannah,GA,52.51
690,5002,2,2015-01-01 00:09:55,San Francisco,CA,45.46
691,1236,1,2015-01-01 00:09:56,Indianapolis,IN,77.45
692,7131,7,2015-01-01 00:09:57,New Orleans,LA,261.9
693,580,9,2015-01-01 00:09:57,Savannah,GA,25.73
694,2154,7,2015-01-01 00:09:58,Tacoma,WA,75.36
695,7829,1,2015-01-01 00:09:59,Boise,ID,54.11
696,2499,9,2015-01-01 00:10:00,Largo,FL,76.65
697,1356,8,2015-01-01 00:10:01,San Francisco,CA,240.12
698,7650,10,2015-01-01 00:10:02,Pittsburgh,PA,226.92
699,8303,7,2015-01-01 00:10:03,Hartford,CT,107.14
700,6970,5,2015-01-01 00:10:03,Baltimore,MD,275.63
701,5775,8,2015-01-01 00:10:04,Topeka,KS,106.57
702,3461,4,2015-01-01 00:10:05,Hartford,CT,112.3
703,1301,9,2015-01-01 00:10:06,Springfield,MA,215.12
704,529,2,2015-01-01 00:10:07,Indianapolis,IN,240.05
705,3643,1,2015-01-01 00:10:08,Baltimore,MD,244.69
706,9680,10,2015-01-01 00:10:09,Tacoma,WA,122.57
707,6466,6,2015-01-01 00:10:09,Boise,ID,173.44
708,3319,1,2015-01-01 00:10:10,Harrisburg,PA,85.4
709,6589,3,2015-01-01 00:10:11,Pittsburgh,PA,32.74
710,768,8,2015-01-01 00:10:12,Savannah,GA,187.41
711,4837,4,2015-01-01 00:10:13,Peoria,IL,69.65
712,1969,6,2015-01-01 00:10:14,San Francisco,CA,165.24
713,7423,4,2015-01-01 00:10:15,Topeka,KS,248.94
714,8438,9,2015-01-01 00:10:16,Gainesville,GA,19.21
715,3548,10,2015-01-01 00:10:16,Gainesville,GA,266.04
716,1817,10,2015-01-01 00:10:17,Topeka,KS,172.98
717,9041,7,2015-01-01 00:10:18,Bronx,NY,94.07
718,4033,2,2015-01-01 00:10:19,Austin,TX,144.22
719,3595,5,2015-01-01 00:10:20,Boise,ID,31.71
720,1880,4,2015-01-01 00:10:21,Springfield,MA,56.33
721,6721,10,2015-01-01 00:10:22,New Orleans,LA,216.71
722,9522,1,2015-01-01 00:10:22,Hartford,CT,134.45
723,6918,10,2015-01-01 00:10:23,Baltimore,MD,176.29
724,8021,10,2015-01-01 00:10:24,Savannah,GA,136.81
725,8227,7,2015-01-01 00:10:25,Tacoma,WA,139.8
726,9180,4,2015-01-01 00:10:26,Harrisburg,PA,222.15
727,9173,4,2015-01-01 00:10:27,Topeka,KS,30.03
728,9687,3,2015-01-01 00:10:28,Springfield,MA,284.39
729,1400,3,2015-01-01 00:10:28,Tacoma,WA,89.65
730,9983,3,2015-01-01 00:10:29,Indianapolis,IN,274.25
731,9057,1,2015-01-01 00:10:30,Savannah,GA,65.54
732,7070,2,2015-01-01 00:10:31,Harrisburg,PA,244.87
733,7212,7,2015-01-01 00:10:32,Austin,TX,94.15
734,2875,7,2015-01-01 00:10:33,New Orleans,LA,135.38
735,5548,6,2015-01-01 00:10:34,El Paso,TX,154.43
736,6157,3,2015-01-01 00:10:35,Harrisburg,PA,237.83
737,3291,3,2015-01-01 00:10:35,Tacoma,WA,105.3
738,1159,5,2015-01-01 00:10:36,Bronx,NY,101.71
739,2696,4,2015-01-01 00:10:37,Topeka,KS,34.37
740,618,5,2015-01-01 00:10:38,El Paso,TX,271.33
741,2487,5,2015-01-01 00:10:39,Savannah,GA,124.32
742,9704,3,2015-01-01 00:10:40,Gainesville,GA,139.05
743,7302,2,2015-01-01 00:10:41,Baltimore,MD,203.63
744,6117,7,2015-01-01 00:10:41,Indianapolis,IN,114.24
745,9993,5,2015-01-01 00:10:42,El Paso,TX,66.03
746,6151,1,2015-01-01 00:10:43,Gainesville,GA,109.43
747,4698,10,2015-01-01 00:10:44,Henderson,NV,272.44
748,64,2,2015-01-01 00:10:45,Baltimore,MD,208.59
749,109,2,2015-01-01 00:10:46,San Francisco,CA,254.37
750,6704,8,2015-01-01 00:10:47,Gainesville,GA,111.19
751,810,2,2015-01-01 00:10:48,Springfield,MA,218.51
752,8545,4,2015-01-01 00:10:48,Gainesville,GA,197.8
753,7834,1,2015-01-01 00:10:49,Baltimore,MD,37.83
754,3743,4,2015-01-01 00:10:50,Harrisburg,PA,32.78
755,5116,7,2015-01-01 00:10:51,New Orleans,LA,49.61
756,4059,1,2015-01-01 00:10:52,Largo,FL,22.92
757,2879,1,2015-01-01 00:10:53,Largo,FL,206.39
758,830,6,2015-01-01 00:10:54,Largo,FL,60.04
759,3981,8,2015-01-01 00:10:54,Henderson,NV,57.74
760,5220,6,2015-01-01 00:10:55,Topeka,KS,62.71
761,1854,9,2015-01-01 00:10:56,Indianapolis,IN,14.96
762,1233,1,2015-01-01 00:10:57,Baltimore,MD,173.54
763,513,9,2015-01-01 00:10:58,Savannah,GA,105.11
764,8486,5,2015-01-01 00:10:59,Pittsburgh,PA,205.92
765,2628,5,2015-01-01 00:11:00,El Paso,TX,37.13
766,8381,8,2015-01-01 00:11:00,Baltimore,MD,237.95
767,1140,5,2015-01-01 00:11:01,Indianapolis,IN,101.67
768,5202,7,2015-01-01 00:11:02,El Paso,TX,195.2
769,2363,2,2015-01-01 00:11:03,Largo,FL,228.29
770,8356,2,2015-01-01 00:11:04,Harrisburg,PA,287.2
771,466,7,2015-01-01 00:11:05,Pittsburgh,PA,173.23
772,4589,9,2015-01-01 00:11:06,Tacoma,WA,138.45
773,3663,8,2015-01-01 00:11:07,Austin,TX,55.13
774,5864,7,2015-01-01 00:11:07,Springfield,MA,61.47
775,5218,1,2015-01-01 00:11:08,Bronx,NY,170.11
776,7889,8,2015-01-01 00:11:09,New Orleans,LA,193.07
777,926,1,2015-01-01 00:11:10,Savannah,GA,181.12
778,7442,8,2015-01-01 00:11:11,Savannah,GA,155.1
779,8376,7,2015-01-01 00:11:12,Harrisburg,PA,263.35
780,7479,8,2015-01-01 00:11:13,Indianapolis,IN,227.8
781,4150,10,2015-01-01 00:11:13,Boise,ID,92.71
782,745,7,2015-01-01 00:11:14,Austin,TX,203.42
783,989,10,2015-01-01 00:11:15,Tacoma,WA,196.06
784,7047,5,2015-01-01 00:11:16,Springfield,MA,228.09
785,6868,8,2015-01-01 00:11:17,Hartford,CT,9.51
786,3584,4,2015-01-01 00:11:18,Springfield,MA,250.5
787,6885,8,2015-01-01 00:11:19,Springfield,MA,253.37
788,4947,1,2015-01-01 00:11:19,Largo,FL,123.47
789,1051,6,2015-01-01 00:11:20,Harrisburg,PA,137.72
790,507,3,2015-01-01 00:11:21,New Orleans,LA,109.64
791,351,9,2015-01-01 00:11:22,Boise,ID,60.76
792,5899,10,2015-01-01 00:11:23,Henderson,NV,114.64
793,7046,10,2015-01-01 00:11:24,Austin,TX,274.17
794,8323,5,2015-01-01 00:11:25,Baltimore,MD,46.98
795,3807,9,2015-01-01 00:11:26,Baltimore,MD,153.54
796,7161,7,2015-01-01 00:11:26,Largo,FL,200.01
797,9057,10,2015-01-01 00:11:27,Indianapolis,IN,11.37
798,912,4,2015-01-01 00:11:28,New Orleans,LA,177.55
799,3130,8,2015-01-01 00:11:29,El Paso,TX,176.64
800,5528,3,2015-01-01 00:11:30,Boise,ID,116.33
801,6872,4,2015-01-01 00:11:31,Largo,FL,130.55
802,8828,3,2015-01-01 00:11:32,Indianapolis,IN,165.38
803,2776,6,2015-01-01 00:11:32,El Paso,TX,263.19
804,7918,4,2015-01-01 00:11:33,Austin,TX,231.96
805,7204,4,2015-01-01 00:11:34,Gainesville,GA,172.38
806,7443,2,2015-01-01 00:11:35,Indianapolis,IN,276.34
807,2895,10,2015-01-01 00:11:36,Henderson,NV,141.05
808,9455,1,2015-01-01 00:11:37,Hartford,CT,13.68
809,5158,2,2015-01-01 00:11:38,Springfield,MA,192.3
810,8503,4,2015-01-01 00:11:38,Baltimore,MD,8.7
811,8673,2,2015-01-01 00:11:39,Hartford,CT,2.15
812,3493,6,2015-01-01 00:11:40,Hartford,CT,33.64
813,8084,1,2015-01-01 00:11:41,Indianapolis,IN,172.95
814,5163,3,2015-01-01 00:11:42,Pittsburgh,PA,116.8
815,30,1,2015-01-01 00:11:43,Austin,TX,82.79
816,9994,3,2015-01-01 00:11:44,El Paso,TX,154.85
817,2540,4,2015-01-01 00:11:45,Boise,ID,171.98
818,5161,8,2015-01-01 00:11:45,Pittsburgh,PA,86.49
819,1753,1,2015-01-01 00:11:46,Largo,FL,160.66
820,9588,2,2015-01-01 00:11:47,Austin,TX,229.36
821,7008,10,2015-01-01 00:11:48,Austin,TX,163.85
822,880,8,2015-01-01 00:11:49,Harrisburg,PA,152.49
823,8829,4,2015-01-01 00:11:50,El Paso,TX,68.12
824,9392,6,2015-01-01 00:11:51,Baltimore,MD,102.11
825,2444,9,2015-01-01 00:11:51,El Paso,TX,2.38
826,1472,5,2015-01-01 00:11:52,Tacoma,WA,34.3
827,4228,9,2015-01-01 00:11:53,New Orleans,LA,238.44
828,7592,10,2015-01-01 00:11:54,Gainesville,GA,34.72
829,4977,10,2015-01-01 00:11:55,Savannah,GA,82.99
830,7685,4,2015-01-01 00:11:56,Pittsburgh,PA,24.53
831,5601,10,2015-01-01 00:11:57,Bronx,NY,50.16
832,1575,9,2015-01-01 00:11:57,Largo,FL,193.74
833,4931,1,2015-01-01 00:11:58,Tacoma,WA,155.94
834,368,8,2015-01-01 00:11:59,Austin,TX,188.62
835,4018,4,2015-01-01 00:12:00,Baltimore,MD,10.32
836,9626,10,2015-01-01 00:12:01,Tacoma,WA,279.16
837,2373,2,2015-01-01 00:12:02,Springfield,MA,217.23
838,5846,1,2015-01-01 00:12:03,Springfield,MA,51.59
839,8357,5,2015-01-01 00:12:04,Indianapolis,IN,171.73
840,5071,4,2015-01-01 00:12:04,Henderson,NV,216.92
841,2722,1,2015-01-01 00:12:05,Hartford,CT,218.26
842,7389,6,2015-01-01 00:12:06,Indianapolis,IN,117.31
843,6222,7,2015-01-01 00:12:07,Indianapolis,IN,229.83
844,2577,9,2015-01-01 00:12:08,Harrisburg,PA,46.72
845,212,3,2015-01-01 00:12:09,Springfield,MA,104.17
846,9851,6,2015-01-01 00:12:10,San Francisco,CA,46.12
847,5574,1,2015-01-01 00:12:10,Austin,TX,110.42
848,7988,2,2015-01-01 00:12:11,Largo,FL,36.27
849,3539,4,2015-01-01 00:12:12,New Orleans,LA,176.09
850,8272,2,2015-01-01 00:12:13,Henderson,NV,6.67
851,5102,9,2015-01-01 00:12:14,Tacoma,WA,76.07
852,2937,10,2015-01-01 00:12:15,San Francisco,CA,104.25
853,5025,10,2015-01-01 00:12:16,Henderson,NV,213.11
854,9049,4,2015-01-01 00:12:16,Largo,FL,163.23
855,7908,6,2015-01-01 00:12:17,El Paso,TX,275.46
856,6910,5,2015-01-01 00:12:18,Tacoma,WA,108.62
857,1754,8,2015-01-01 00:12:19,Largo,FL,98.6
858,7229,3,2015-01-01 00:12:20,El Paso,TX,190.52
859,8711,5,2015-01-01 00:12:21,Baltimore,MD,65.2
860,8836,2,2015-01-01 00:12:22,New Orleans,LA,239.78
861,8044,5,2015-01-01 00:12:23,Topeka,KS,190.02
862,5184,5,2015-01-01 00:12:23,Peoria,IL,26.12
863,7167,1,2015-01-01 00:12:24,Tacoma,WA,161.81
864,4404,3,2015-01-01 00:12:25,Harrisburg,PA,28.74
865,690,7,2015-01-01 00:12:26,Springfield,MA,194.15
866,7986,6,2015-01-01 00:12:27,Topeka,KS,89.27
867,3541,5,2015-01-01 00:12:28,Boise,ID,75.56
868,6514,10,2015-01-01 00:12:29,Tacoma,WA,62.19
869,2950,9,2015-01-01 00:12:29,Largo,FL,110.54
870,5360,9,2015-01-01 00:12:30,Pittsburgh,PA,150.26
871,6378,9,2015-01-01 00:12:31,Henderson,NV,50.49
872,1978,6,2015-01-01 00:12:32,Gainesville,GA,84.39
873,1456,7,2015-01-01 00:12:33,Gainesville,GA,299.83
874,2478,6,2015-01-01 00:12:34,Harrisburg,PA,135.19
875,2356,8,2015-01-01 00:12:35,Indianapolis,IN,141.81
876,7360,9,2015-01-01 00:12:36,Pittsburgh,PA,226.57
877,2016,5,2015-01-01 00:12:36,Tacoma,WA,110.52
878,8884,10,2015-01-01 00:12:37,El Paso,TX,123.34
879,9868,7,2015-01-01 00:12:38,Tacoma,WA,201.08
880,2967,1,2015-01-01 00:12:39,Topeka,KS,214.99
881,3890,10,2015-01-01 00:12:40,Topeka,KS,231.41
882,9109,8,2015-01-01 00:12:41,Harrisburg,PA,35.53
883,6814,4,2015-01-01 00:12:42,Pittsburgh,PA,158.13
884,4090,2,2015-01-01 00:12:42,San Francisco,CA,158.79
885,4065,6,2015-01-01 00:12:43,Peoria,IL,204.39
886,9485,3,2015-01-01 00:12:44,Pittsburgh,PA,123.28
887,7629,6,2015-01-01 00:12:45,Henderson,NV,192.31
888,7165,5,2015-01-01 00:12:46,Harrisburg,PA,249.43
889,8626,6,2015-01-01 00:12:47,New Orleans,LA,92.84
890,5223,10,2015-01-01 00:12:48,Springfield,MA,268.04
891,5105,10,2015-01-01 00:12:48,Topeka,KS,145.15
892,7525,7,2015-01-01 00:12:49,Topeka,KS,70.95
893,1251,5,2015-01-01 00:12:50,Baltimore,MD,200.51
894,2556,5,2015-01-01 00:12:51,Tacoma,WA,184.61
895,410,1,2015-01-01 00:12:52,Hartford,CT,212.43
896,576,6,2015-01-01 00:12:53,Henderson,NV,145.26
897,8199,6,2015-01-01 00:12:54,Henderson,NV,213.03
898,8846,5,2015-01-01 00:12:55,Tacoma,WA,182.64
899,124,8,2015-01-01 00:12:55,Bronx,NY,275.64
900,7240,10,2015-01-01 00:12:56,Bronx,NY,191.35
901,5602,2,2015-01-01 00:12:57,Gainesville,GA,282.88
902,8448,2,2015-01-01 00:12:58,San Francisco,CA,44.2
903,463,6,2015-01-01 00:12:59,Tacoma,WA,276.95
904,7206,2,2015-01-01 00:13:00,Harrisburg,PA,149.49
905,4113,6,2015-01-01 00:13:01,Hartford,CT,118.09
906,8962,4,2015-01-01 00:13:01,Topeka,KS,214.79
907,9832,4,2015-01-01 00:13:02,Baltimore,MD,250.61
908,4281,6,2015-01-01 00:13:03,Peoria,IL,224.07
909,6600,5,2015-01-01 00:13:04,Savannah,GA,147.74
910,746,10,2015-01-01 00:13:05,Harrisburg,PA,230.82
911,6021,7,2015-01-01 00:13:06,Harrisburg,PA,155.69
912,8397,7,2015-01-01 00:13:07,Springfield,MA,206.45
913,31,5,2015-01-01 00:13:07,Peoria,IL,162.41
914,1895,7,2015-01-01 00:13:08,Peoria,IL,202.11
915,9073,10,2015-01-01 00:13:09,Topeka,KS,133.95
916,1326,9,2015-01-01 00:13:10,Pittsburgh,PA,283.54
917,8115,5,2015-01-01 00:13:11,San Francisco,CA,84.2
918,3947,7,2015-01-01 00:13:12,Savannah,GA,191.29
919,3022,6,2015-01-01 00:13:13,Largo,FL,217.8
920,6882,6,2015-01-01 00:13:14,Henderson,NV,293.97
921,3734,7,2015-01-01 00:13:14,El Paso,TX,164.49
922,110,3,2015-01-01 00:13:15,Harrisburg,PA,243.11
923,9329,1,2015-01-01 00:13:16,Springfield,MA,68.21
924,5000,9,2015-01-01 00:13:17,Largo,FL,211.66
925,8617,3,2015-01-01 00:13:18,Baltimore,MD,126.56
926,5708,9,2015-01-01 00:13:19,Indianapolis,IN,166.26
927,4177,6,2015-01-01 00:13:20,New Orleans,LA,50.26
928,3239,5,2015-01-01 00:13:20,Savannah,GA,289.55
929,5395,4,2015-01-01 00:13:21,Topeka,KS,217.95
930,8546,2,2015-01-01 00:13:22,Peoria,IL,275.47
931,6152,9,2015-01-01 00:13:23,Austin,TX,108.53
932,6228,1,2015-01-01 00:13:24,Tacoma,WA,117.89
933,3477,8,2015-01-01 00:13:25,Henderson,NV,126.22
934,4463,2,2015-01-01 00:13:26,Peoria,IL,199.35
935,825,1,2015-01-01 00:13:26,Boise,ID,283.53
936,3336,6,2015-01-01 00:13:27,Hartford,CT,11.15
937,2966,4,2015-01-01 00:13:28,San Francisco,CA,297.37
938,7308,1,2015-01-01 00:13:29,San Francisco,CA,167.27
939,5605,3,2015-01-01 00:13:30,Harrisburg,PA,293.12
940,9803,9,2015-01-01 00:13:31,Savannah,GA,48.05
941,661,6,2015-01-01 00:13:32,Savannah,GA,26.51
942,661,3,2015-01-01 00:13:33,Henderson,NV,138.6
943,5031,9,2015-01-01 00:13:33,Harrisburg,PA,210.9
944,9369,10,2015-01-01 00:13:34,Topeka,KS,300.93
945,7195,10,2015-01-01 00:13:35,El Paso,TX,22.58
946,9359,2,2015-01-01 00:13:36,El Paso,TX,105.52
947,3142,9,2015-01-01 00:13:37,Largo,FL,277.24
948,9687,10,2015-01-01 00:13:38,El Paso,TX,79.52
949,9221,7,2015-01-01 00:13:39,Baltimore,MD,222.72
950,6544,7,2015-01-01 00:13:39,Gainesville,GA,285.38
951,3145,5,2015-01-01 00:13:40,Gainesville,GA,248.81
952,3824,8,2015-01-01 00:13:41,Tacoma,WA,200.19
953,5764,8,2015-01-01 00:13:42,Henderson,NV,259.54
954,7870,9,2015-01-01 00:13:43,Topeka,KS,88.17
955,5314,9,2015-01-01 00:13:44,Pittsburgh,PA,158.8
956,851,9,2015-01-01 00:13:45,Baltimore,MD,192.46
957,8376,5,2015-01-01 00:13:45,Topeka,KS,217.62
958,2624,8,2015-01-01 00:13:46,Savannah,GA,127.34
959,756,7,2015-01-01 00:13:47,Gainesville,GA,220.36
960,8285,3,2015-01-01 00:13:48,Indianapolis,IN,262.5
961,7753,9,2015-01-01 00:13:49,Gainesville,GA,143.27
962,7809,6,2015-01-01 00:13:50,Hartford,CT,275.4
963,2636,1,2015-01-01 00:13:51,Boise,ID,67.67
964,2438,10,2015-01-01 00:13:52,Boise,ID,194.4
965,7458,5,2015-01-01 00:13:52,Topeka,KS,109.93
966,1426,8,2015-01-01 00:13:53,Savannah,GA,153.2
967,9515,4,2015-01-01 00:13:54,Henderson,NV,103.91
968,711,2,2015-01-01 00:13:55,Harrisburg,PA,201.16
969,9544,8,2015-01-01 00:13:56,El Paso,TX,161.49
970,2274,9,2015-01-01 00:13:57,Largo,FL,195.14
971,7803,3,2015-01-01 00:13:58,Boise,ID,122.11
972,5228,10,2015-01-01 00:13:58,Savannah,GA,127.97
973,1570,1,2015-01-01 00:13:59,New Orleans,LA,162.05
974,9242,3,2015-01-01 00:14:00,Springfield,MA,178.26
975,867,6,2015-01-01 00:14:01,Pittsburgh,PA,53.28
976,3132,10,2015-01-01 00:14:02,Tacoma,WA,278.59
977,5249,8,2015-01-01 00:14:03,Gainesville,GA,262.5
978,7919,3,2015-01-01 00:14:04,Savannah,GA,241.66
979,4386,4,2015-01-01 00:14:04,Peoria,IL,245.04
980,2401,3,2015-01-01 00:14:05,Hartford,CT,239.88
981,9755,10,2015-01-01 00:14:06,Largo,FL,211.6
982,4913,4,2015-01-01 00:14:07,Savannah,GA,104.42
983,7482,9,2015-01-01 00:14:08,Hartford,CT,80.97
984,8209,3,2015-01-01 00:14:09,Pittsburgh,PA,110.81
985,8986,3,2015-01-01 00:14:10,Bronx,NY,269.24
986,1784,3,2015-01-01 00:14:11,Baltimore,MD,9.64
987,5045,3,2015-01-01 00:14:11,Indianapolis,IN,12.63
988,1298,3,2015-01-01 00:14:12,Austin,TX,252.46
989,3193,2,2015-01-01 00:14:13,Springfield,MA,169.32
990,563,3,2015-01-01 00:14:14,Peoria,IL,206.48
991,7761,9,2015-01-01 00:14:15,Springfield,MA,113.56
992,2779,10,2015-01-01 00:14:16,Boise,ID,236.0
993,2703,6,2015-01-01 00:14:17,Harrisburg,PA,261.46
994,3008,9,2015-01-01 00:14:17,El Paso,TX,266.34
995,754,5,2015-01-01 00:14:18,New Orleans,LA,17.3
996,7213,6,2015-01-01 00:14:19,Tacoma,WA,217.2
997,5512,8,2015-01-01 00:14:20,El Paso,TX,146.86
998,638,3,2015-01-01 00:14:21,San Francisco,CA,139.05
999,4628,10,2015-01-01 00:14:22,Pittsburgh,PA,277.16
1000,9464,7,2015-01-01 00:14:23,San Francisco,CA,247.86
